filename,skip_reason
E001_0300V_03.00A_G001_2023_06_06_Study002_Raw Data.mat,nominale troppo basso (-0.0049 A)
E001_0300V_03.00A_G003_2023_06_06_Study002_Raw Data.mat,nominale troppo basso (-0.0060 A)
E001_0350V_03.50A_G009_2023_06_07_Study002_Raw Data.mat,nominale troppo basso (-0.0043 A)
E001_0400V_04.00A_G003_2023_06_08_Study002_Raw Data.mat,nominale troppo basso (-0.0092 A)
E001_0400V_04.00A_G010_2023_06_08_Study001_Raw Data.mat,nominale troppo basso (-0.0090 A)
E001_0400V_04.00A_G011_2023_06_08_Study001_Raw Data.mat,nominale troppo basso (-0.0104 A)
E001_0450V_04.50A_G004_2023_06_08_Study001_Raw Data.mat,nominale troppo basso (-0.0083 A)
E001_0500V_05.00A_G006_2023_07_10_Study002_Raw Data.mat,nominale troppo basso (-0.0166 A)
E002_0150V_01.50A_G006_2023_09_25_Study002_Raw Data.mat,nominale troppo basso (-0.0250 A)
E002_0250V_02.50A_G007_2023_06_12_Study002_Raw Data.mat,nominale troppo basso (-0.0104 A)
E002_0300V_03.00A_G010_2023_06_12_Study002_Raw Data.mat,nominale troppo basso (-0.0115 A)
E002_0300V_03.00A_G013_2023_06_12_Study001_Raw Data.mat,nominale troppo basso (-0.0108 A)
E002_0350V_03.50A_G005_2023_06_13_Study001_Raw Data.mat,nominale troppo basso (-0.0148 A)
E002_0350V_03.50A_G010_2023_06_13_Study001_Raw Data.mat,nominale troppo basso (-0.0101 A)
E002_0350V_03.50A_G016_2023_06_13_Study001_Raw Data.mat,nominale troppo basso (-0.0140 A)
E002_0400V_04.00A_G007_2023_06_13_Study002_Raw Data.mat,nominale troppo basso (-0.0090 A)
E002_0400V_04.00A_G013_2023_06_13_Study001_Raw Data.mat,nominale troppo basso (-0.0143 A)
E002_0400V_04.00A_G015_2023_06_13_Study002_Raw Data.mat,nominale troppo basso (-0.0132 A)
E002_0500V_05.00A_G002_2023_09_07_Study001_Raw Data.mat,nominale troppo basso (-0.0280 A)
E002_0500V_05.00A_G002_2023_09_07_Study002_Raw Data.mat,nominale troppo basso (-0.0250 A)
E003_0150V_01.50A_G004_2023_06_04_Study001_Raw Data.mat,nominale troppo basso (-0.0162 A)
E006_0450V_04.50A_G005_2023_06_22_Study001_Raw Data (1).mat,nominale troppo basso (-0.0156 A)
E006_0450V_04.50A_G005_2023_06_22_Study001_Raw Data.mat,nominale troppo basso (-0.0156 A)
E005_0150V_01.50A_G003_2023_06_13_Study003_Raw Data.mat,nominale troppo basso (-0.0135 A)
E005_0150V_01.50A_G003_2023_06_13_Study004_Raw Data.mat,nominale troppo basso (-0.0127 A)
E005_0200V_02.00A_G002_2023_06_13_Study002_Raw Data.mat,nominale troppo basso (-0.0146 A)
E005_0250V_02.50A_G001_2023_06_14_Study002_Raw Data.mat,nominale troppo basso (-0.0067 A)
E005_0450V_04.50A_G005_2023_06_15_Study001_Raw Data.mat,nominale troppo basso (-0.0111 A)
E006_0250V_02.50A_G008_2023_07_04_Study002_Raw Data.mat,nominale troppo basso (-0.0210 A)
E006_0350V_03.50A_G014_2023_07_05_Study002_Raw Data.mat,nominale troppo basso (-0.0196 A)
E006_0450V_04.50A_G023_2023_07_05_Study002_Raw Data.mat,nominale troppo basso (-0.0176 A)
E007_0150V_01.50A_G001_2023_07_09_Study002_Raw Data.mat,nominale troppo basso (-0.0158 A)
E007_0150V_01.50A_G003_2023_07_09_Study002_Raw Data.mat,nominale troppo basso (-0.0172 A)
E007_0150V_01.50A_G005_2023_07_09_Study002_Raw Data.mat,nominale troppo basso (-0.0185 A)
E007_0250V_02.50A_G001_2023_07_10_Study002_Raw Data.mat,nominale troppo basso (-0.0181 A)
E007_0250V_02.50A_G003_2023_07_10_Study002_Raw Data.mat,nominale troppo basso (-0.0158 A)
E007_0250V_02.50A_G004_2023_07_10_Study002_Raw Data.mat,nominale troppo basso (-0.0165 A)
E007_0250V_02.50A_G005_2023_07_10_Study002_Raw Data.mat,nominale troppo basso (-0.0165 A)
E007_0300V_03.00A_G002_2023_07_18_Study001_Raw Data.mat,nominale troppo basso (-0.0139 A)
E007_0300V_03.00A_G003_2023_07_18_Study002_Raw Data.mat,nominale troppo basso (-0.0110 A)
E007_0300V_03.00A_G006_2023_07_18_Study002_Raw Data.mat,nominale troppo basso (-0.0132 A)
E007_0300V_03.00A_G007_2023_07_18_Study002_Raw Data.mat,nominale troppo basso (-0.0125 A)
E007_0300V_03.00A_G008_2023_07_18_Study002_Raw Data.mat,nominale troppo basso (-0.0131 A)
E007_0300V_03.00A_G009_2023_07_18_Study002_Raw Data.mat,nominale troppo basso (-0.0117 A)
E007_0300V_03.00A_G010_2023_07_18_Study002_Raw Data.mat,nominale troppo basso (-0.0103 A)
E007_0300V_03.00A_G012_2023_07_18_Study002_Raw Data.mat,nominale troppo basso (-0.0119 A)
E007_0300V_03.00A_G013_2023_07_18_Study002_Raw Data.mat,nominale troppo basso (-0.0100 A)
E007_0350V_03.50A_G001_2023_07_18_Study002_Raw Data.mat,nominale troppo basso (-0.0129 A)
E007_0350V_03.50A_G002_2023_07_18_Study002_Raw Data.mat,nominale troppo basso (-0.0119 A)
E007_0350V_03.50A_G003_2023_07_18_Study002_Raw Data.mat,nominale troppo basso (-0.0122 A)
E007_0350V_03.50A_G004_2023_07_18_Study002_Raw Data.mat,nominale troppo basso (-0.0158 A)
E007_0350V_03.50A_G006_2023_07_18_Study002_Raw Data.mat,nominale troppo basso (-0.0135 A)
E007_0350V_03.50A_G007_2023_07_18_Study002_Raw Data.mat,nominale troppo basso (-0.0120 A)
E007_0350V_03.50A_G008_2023_07_18_Study002_Raw Data.mat,nominale troppo basso (-0.0128 A)
E007_0350V_03.50A_G009_2023_07_18_Study002_Raw Data.mat,nominale troppo basso (-0.0126 A)
E007_0350V_03.50A_G010_2023_07_18_Study001_Raw Data.mat,nominale troppo basso (-0.0145 A)
E007_0350V_03.50A_G011_2023_07_18_Study002_Raw Data.mat,nominale troppo basso (-0.0139 A)
E007_0350V_03.50A_G012_2023_07_18_Study002_Raw Data.mat,nominale troppo basso (-0.0158 A)
E007_0350V_03.50A_G013_2023_09_21_Study002_Raw Data.mat,nominale troppo basso (-0.0228 A)
E007_0350V_03.50A_G014_2023_09_21_Study002_Raw Data.mat,nominale troppo basso (-0.0216 A)
E007_0350V_03.50A_G015_2023_09_21_Study002_Raw Data.mat,nominale troppo basso (-0.0211 A)
E007_0350V_03.50A_G016_2023_09_21_Study002_Raw Data.mat,nominale troppo basso (-0.0222 A)
E007_0350V_03.50A_G017_2023_09_21_Study002_Raw Data.mat,nominale troppo basso (-0.0217 A)
E007_0350V_03.50A_G018_2023_09_21_Study002_Raw Data.mat,nominale troppo basso (-0.0240 A)
E007_0400V_04.00A_G001_2023_09_21_Study002_Raw Data.mat,nominale troppo basso (-0.0208 A)
E007_0400V_04.00A_G002_2023_09_21_Study002_Raw Data.mat,nominale troppo basso (-0.0222 A)
E007_0400V_04.00A_G003_2023_09_21_Study002_Raw Data.mat,nominale troppo basso (-0.0211 A)
E007_0400V_04.00A_G004_2023_09_21_Study002_Raw Data.mat,nominale troppo basso (-0.0229 A)
E007_0400V_04.00A_G005_2023_09_21_Study002_Raw Data.mat,nominale troppo basso (-0.0223 A)
E007_0400V_04.00A_G006_2023_09_21_Study002_Raw Data.mat,nominale troppo basso (-0.0213 A)
E007_0400V_04.00A_G008_2023_09_21_Study002_Raw Data.mat,nominale troppo basso (-0.0229 A)
E007_0400V_04.00A_G009_2023_09_21_Study002_Raw Data.mat,nominale troppo basso (-0.0215 A)
E007_0400V_04.00A_G010_2023_09_21_Study002_Raw Data.mat,nominale troppo basso (-0.0220 A)
E007_0400V_04.00A_G011_2023_09_21_Study002_Raw Data.mat,nominale troppo basso (-0.0221 A)
E007_0400V_04.00A_G012_2023_09_21_Study002_Raw Data.mat,nominale troppo basso (-0.0257 A)
E007_0400V_04.00A_G013_2023_09_21_Study002_Raw Data.mat,nominale troppo basso (-0.0233 A)
E007_0400V_04.00A_G014_2023_09_21_Study002_Raw Data.mat,nominale troppo basso (-0.0241 A)
E007_0400V_04.00A_G015_2023_09_21_Study002_Raw Data.mat,nominale troppo basso (-0.0246 A)
E007_0400V_04.00A_G016_2023_09_21_Study002_Raw Data.mat,nominale troppo basso (-0.0256 A)
E007_0400V_04.00A_G017_2023_09_21_Study002_Raw Data.mat,nominale troppo basso (-0.0241 A)
E007_0400V_04.00A_G019_2023_09_21_Study002_Raw Data.mat,nominale troppo basso (-0.0255 A)
E007_0400V_04.00A_G020_2023_09_21_Study002_Raw Data.mat,nominale troppo basso (-0.0235 A)
E007_0400V_04.00A_G021_2023_09_21_Study002_Raw Data.mat,nominale troppo basso (-0.0248 A)
E007_0450V_04.50A_G001_2023_09_21_Study002_Raw Data.mat,nominale troppo basso (-0.0263 A)
E007_0450V_04.50A_G002_2023_09_21_Study002_Raw Data.mat,nominale troppo basso (-0.0248 A)
E007_0450V_04.50A_G003_2023_09_21_Study002_Raw Data.mat,nominale troppo basso (-0.0248 A)
E007_0450V_04.50A_G004_2023_09_21_Study002_Raw Data.mat,nominale troppo basso (-0.0225 A)
E007_0450V_04.50A_G005_2023_09_21_Study002_Raw Data.mat,nominale troppo basso (-0.0250 A)
E007_0450V_04.50A_G006_2023_09_21_Study002_Raw Data.mat,nominale troppo basso (-0.0255 A)
E007_0450V_04.50A_G008_2023_09_21_Study002_Raw Data.mat,nominale troppo basso (-0.0255 A)
E007_0450V_04.50A_G009_2023_09_21_Study002_Raw Data.mat,nominale troppo basso (-0.0250 A)
E007_0450V_04.50A_G010_2023_09_21_Study002_Raw Data.mat,nominale troppo basso (-0.0226 A)
E007_0450V_04.50A_G011_2023_09_21_Study002_Raw Data.mat,nominale troppo basso (-0.0227 A)
E007_0450V_04.50A_G012_2023_09_21_Study002_Raw Data.mat,nominale troppo basso (-0.0246 A)
E007_0450V_04.50A_G013_2023_10_17_Study002_Raw Data.mat,nominale troppo basso (-0.0211 A)
E007_0450V_04.50A_G014_2023_10_17_Study002_Raw Data.mat,nominale troppo basso (-0.0223 A)
E007_0450V_04.50A_G015_2023_10_17_Study002_Raw Data.mat,nominale troppo basso (-0.0220 A)
E007_0450V_04.50A_G016_2023_10_17_Study002_Raw Data.mat,nominale troppo basso (-0.0220 A)
E007_0450V_04.50A_G017_2023_10_17_Study002_Raw Data.mat,nominale troppo basso (-0.0199 A)
E007_0450V_04.50A_G018_2023_10_17_Study002_Raw Data.mat,nominale troppo basso (-0.0228 A)
E007_0450V_04.50A_G019_2023_10_17_Study002_Raw Data.mat,nominale troppo basso (-0.0209 A)
E007_0450V_04.50A_G022_2023_10_17_Study002_Raw Data.mat,nominale troppo basso (-0.0213 A)
E007_0450V_04.50A_G023_2023_10_17_Study002_Raw Data.mat,nominale troppo basso (-0.0207 A)
E007_0450V_04.50A_G024_2023_10_17_Study002_Raw Data.mat,nominale troppo basso (-0.0206 A)
E007_0500V_05.00A_G001_2023_10_17_Study002_Raw Data.mat,nominale troppo basso (-0.0213 A)
E007_0500V_05.00A_G002_2023_10_17_Study002_Raw Data.mat,nominale troppo basso (-0.0230 A)
E007_0500V_05.00A_G003_2023_10_17_Study002_Raw Data.mat,nominale troppo basso (-0.0238 A)
E007_0500V_05.00A_G005_2023_10_17_Study002_Raw Data.mat,nominale troppo basso (-0.0217 A)
E007_0500V_05.00A_G006_2023_10_17_Study002_Raw Data.mat,nominale troppo basso (-0.0212 A)
E007_0500V_05.00A_G009_2023_10_17_Study002_Raw Data.mat,nominale troppo basso (-0.0182 A)
E007_0500V_05.00A_G011_2023_10_17_Study002_Raw Data.mat,nominale troppo basso (-0.0197 A)
E007_0500V_05.00A_G012_2023_10_17_Study002_Raw Data.mat,nominale troppo basso (-0.0213 A)
E007_0500V_05.00A_G013_2023_10_18_Study002_Raw Data.mat,nominale troppo basso (-0.0300 A)
E007_0500V_05.00A_G014_2023_10_18_Study002_Raw Data.mat,nominale troppo basso (-0.0302 A)
E007_0500V_05.00A_G015_2023_10_18_Study002_Raw Data.mat,nominale troppo basso (-0.0311 A)
E007_0500V_05.00A_G016_2023_10_18_Study002_Raw Data.mat,nominale troppo basso (-0.0333 A)
E007_0500V_05.00A_G018_2023_10_18_Study002_Raw Data.mat,nominale troppo basso (-0.0298 A)
E007_0500V_05.00A_G019_2023_10_18_Study002_Raw Data.mat,nominale troppo basso (-0.0301 A)
E007_0500V_05.00A_G021_2023_10_18_Study002_Raw Data.mat,nominale troppo basso (-0.0295 A)
E007_0500V_05.00A_G022_2023_10_18_Study002_Raw Data.mat,nominale troppo basso (-0.0279 A)
E007_0500V_05.00A_G023_2023_10_18_Study002_Raw Data.mat,nominale troppo basso (-0.0295 A)
E007_0500V_05.00A_G024_2023_10_18_Study002_Raw Data.mat,nominale troppo basso (-0.0292 A)
E007_0500V_05.00A_G026_2023_10_18_Study002_Raw Data.mat,nominale troppo basso (-0.0293 A)
E007_0500V_05.00A_G027_2023_10_18_Study002_Raw Data.mat,nominale troppo basso (-0.0267 A)
E008_0150V_01.50A_G003_2023_07_06_Study002_Raw Data.mat,nominale troppo basso (-0.0158 A)
E008_0150V_01.50A_G008_2023_07_09_Study002_Raw Data.mat,nominale troppo basso (-0.0175 A)
E008_0200V_02.00A_G002_2023_07_09_Study002_Raw Data.mat,nominale troppo basso (-0.0169 A)
E008_0200V_02.00A_G004_2023_07_09_Study002_Raw Data.mat,nominale troppo basso (-0.0187 A)
E008_0200V_02.00A_G005_2023_07_09_Study002_Raw Data.mat,nominale troppo basso (-0.0178 A)
E008_0200V_02.00A_G007_2023_07_09_Study002_Raw Data.mat,nominale troppo basso (-0.0172 A)
E008_0250V_02.50A_G001_2023_07_09_Study002_Raw Data.mat,nominale troppo basso (-0.0178 A)
E008_0250V_02.50A_G007_2023_07_09_Study002_Raw Data.mat,nominale troppo basso (-0.0176 A)
E008_0300V_03.00A_G001_2023_07_09_Study002_Raw Data.mat,nominale troppo basso (-0.0158 A)
E008_0300V_03.00A_G004_2023_07_09_Study002_Raw Data.mat,nominale troppo basso (-0.0158 A)
E008_0300V_03.00A_G006_2023_07_09_Study002_Raw Data.mat,nominale troppo basso (-0.0162 A)
E008_0300V_03.00A_G007_2023_07_09_Study002_Raw Data.mat,nominale troppo basso (-0.0147 A)
E008_0300V_03.00A_G009_2023_07_09_Study002_Raw Data.mat,nominale troppo basso (-0.0163 A)
E008_0300V_03.00A_G014_2023_09_07_Study002_Raw Data.mat,nominale troppo basso (-0.0298 A)
E008_0350V_03.50A_G001_2023_09_07_Study002_Raw Data.mat,nominale troppo basso (-0.0307 A)
E008_0350V_03.50A_G007_2023_09_07_Study002_Raw Data.mat,nominale troppo basso (-0.0329 A)
E008_0350V_03.50A_G008_2023_09_07_Study002_Raw Data.mat,nominale troppo basso (-0.0327 A)
E008_0350V_03.50A_G009_2023_09_07_Study002_Raw Data.mat,nominale troppo basso (-0.0328 A)
E008_0350V_03.50A_G010_2023_09_07_Study002_Raw Data.mat,nominale troppo basso (-0.0326 A)
E008_0350V_03.50A_G011_2023_09_07_Study002_Raw Data.mat,nominale troppo basso (-0.0323 A)
E008_0350V_03.50A_G014_2023_09_07_Study002_Raw Data.mat,nominale troppo basso (-0.0320 A)
E008_0350V_03.50A_G015_2023_09_07_Study002_Raw Data.mat,nominale troppo basso (-0.0323 A)
E008_0350V_03.50A_G017_2023_09_07_Study002_Raw Data.mat,nominale troppo basso (-0.0325 A)
E008_0400V_04.00A_G001_2023_09_07_Study002_Raw Data.mat,nominale troppo basso (-0.0322 A)
E008_0400V_04.00A_G002_2023_09_07_Study002_Raw Data.mat,nominale troppo basso (-0.0306 A)
E008_0400V_04.00A_G003_2023_09_07_Study002_Raw Data.mat,nominale troppo basso (-0.0341 A)
E008_0400V_04.00A_G006_2023_09_07_Study002_Raw Data.mat,nominale troppo basso (-0.0315 A)
E008_0400V_04.00A_G007_2023_09_07_Study002_Raw Data.mat,nominale troppo basso (-0.0335 A)
E008_0400V_04.00A_G008_2023_09_07_Study002_Raw Data.mat,nominale troppo basso (-0.0335 A)
E008_0400V_04.00A_G012_2023_09_07_Study002_Raw Data.mat,nominale troppo basso (-0.0326 A)
E008_0400V_04.00A_G013_2023_09_10_Study002_Raw Data.mat,nominale troppo basso (-0.0263 A)
E008_0400V_04.00A_G015_2023_09_10_Study002_Raw Data.mat,nominale troppo basso (-0.0279 A)
E008_0400V_04.00A_G017_2023_09_10_Study002_Raw Data.mat,nominale troppo basso (-0.0278 A)
E008_0400V_04.00A_G018_2023_09_10_Study002_Raw Data.mat,nominale troppo basso (-0.0250 A)
E008_0400V_04.00A_G019_2023_09_10_Study002_Raw Data.mat,nominale troppo basso (-0.0297 A)
E008_0400V_04.00A_G020_2023_09_10_Study002_Raw Data.mat,nominale troppo basso (-0.0298 A)
E008_0400V_04.00A_G021_2023_09_10_Study002_Raw Data.mat,nominale troppo basso (-0.0265 A)
E008_0450V_04.50A_G001_2023_09_10_Study002_Raw Data.mat,nominale troppo basso (-0.0279 A)
E008_0450V_04.50A_G003_2023_09_10_Study002_Raw Data.mat,nominale troppo basso (-0.0268 A)
E008_0450V_04.50A_G004_2023_09_10_Study002_Raw Data.mat,nominale troppo basso (-0.0266 A)
E008_0450V_04.50A_G010_2023_09_10_Study002_Raw Data.mat,nominale troppo basso (-0.0293 A)
E008_0450V_04.50A_G016_2023_09_10_Study002_Raw Data.mat,nominale troppo basso (-0.0292 A)
E008_0450V_04.50A_G019_2023_09_10_Study002_Raw Data.mat,nominale troppo basso (-0.0294 A)
E008_0450V_04.50A_G020_2023_09_10_Study002_Raw Data.mat,nominale troppo basso (-0.0310 A)
E008_0450V_04.50A_G021_2023_09_10_Study002_Raw Data.mat,nominale troppo basso (-0.0298 A)
E008_0450V_04.50A_G022_2023_09_10_Study002_Raw Data.mat,nominale troppo basso (-0.0286 A)
E008_0500V_05.00A_G001_2023_09_10_Study002_Raw Data.mat,nominale troppo basso (-0.0293 A)
E008_0500V_05.00A_G004_2023_09_10_Study002_Raw Data.mat,nominale troppo basso (-0.0282 A)
E008_0500V_05.00A_G005_2023_09_10_Study002_Raw Data.mat,nominale troppo basso (-0.0322 A)
E008_0500V_05.00A_G006_2023_09_10_Study002_Raw Data.mat,nominale troppo basso (-0.0304 A)
E008_0500V_05.00A_G007_2023_09_10_Study002_Raw Data.mat,nominale troppo basso (-0.0283 A)
E008_0500V_05.00A_G008_2023_09_10_Study002_Raw Data.mat,nominale troppo basso (-0.0282 A)
E008_0500V_05.00A_G009_2023_09_10_Study002_Raw Data.mat,nominale troppo basso (-0.0293 A)
E008_0500V_05.00A_G010_2023_09_10_Study002_Raw Data.mat,nominale troppo basso (-0.0305 A)
E008_0500V_05.00A_G011_2023_09_10_Study002_Raw Data.mat,nominale troppo basso (-0.0293 A)
E008_0500V_05.00A_G015_2023_09_10_Study002_Raw Data.mat,nominale troppo basso (-0.0308 A)
E008_0500V_05.00A_G017_2023_09_10_Study002_Raw Data.mat,nominale troppo basso (-0.0312 A)
E008_0500V_05.00A_G018_2023_09_10_Study002_Raw Data.mat,nominale troppo basso (-0.0302 A)
E008_0500V_05.00A_G022_2023_09_10_Study002_Raw Data.mat,nominale troppo basso (-0.0298 A)
E008_0500V_05.00A_G023_2023_09_10_Study002_Raw Data.mat,nominale troppo basso (-0.0307 A)
E008_0500V_05.00A_G024_2023_09_10_Study002_Raw Data.mat,nominale troppo basso (-0.0303 A)
