filename,nominal_A,skip_reason
E001_0300V_03.00A_G001_2023_06_06_Study002_Raw Data.mat,-0.0049,nominale troppo basso (-0.0049 A)
E001_0300V_03.00A_G003_2023_06_06_Study002_Raw Data.mat,-0.006,nominale troppo basso (-0.0060 A)
E001_0350V_03.50A_G009_2023_06_07_Study002_Raw Data.mat,-0.0043,nominale troppo basso (-0.0043 A)
E001_0400V_04.00A_G003_2023_06_08_Study002_Raw Data.mat,-0.0092,nominale troppo basso (-0.0092 A)
E001_0400V_04.00A_G010_2023_06_08_Study001_Raw Data.mat,-0.009,nominale troppo basso (-0.0090 A)
E001_0400V_04.00A_G011_2023_06_08_Study001_Raw Data.mat,-0.0104,nominale troppo basso (-0.0104 A)
E001_0450V_04.50A_G004_2023_06_08_Study001_Raw Data.mat,-0.0083,nominale troppo basso (-0.0083 A)
E001_0500V_05.00A_G006_2023_07_10_Study002_Raw Data.mat,-0.0166,nominale troppo basso (-0.0166 A)
E002_0150V_01.50A_G006_2023_09_25_Study002_Raw Data.mat,-0.025,nominale troppo basso (-0.0250 A)
E002_0250V_02.50A_G007_2023_06_12_Study002_Raw Data.mat,-0.0104,nominale troppo basso (-0.0104 A)
E002_0300V_03.00A_G010_2023_06_12_Study002_Raw Data.mat,-0.0115,nominale troppo basso (-0.0115 A)
E002_0300V_03.00A_G013_2023_06_12_Study001_Raw Data.mat,-0.0108,nominale troppo basso (-0.0108 A)
E002_0350V_03.50A_G005_2023_06_13_Study001_Raw Data.mat,-0.0148,nominale troppo basso (-0.0148 A)
E002_0350V_03.50A_G010_2023_06_13_Study001_Raw Data.mat,-0.0101,nominale troppo basso (-0.0101 A)
E002_0350V_03.50A_G016_2023_06_13_Study001_Raw Data.mat,-0.014,nominale troppo basso (-0.0140 A)
E002_0400V_04.00A_G007_2023_06_13_Study002_Raw Data.mat,-0.009,nominale troppo basso (-0.0090 A)
E002_0400V_04.00A_G013_2023_06_13_Study001_Raw Data.mat,-0.0143,nominale troppo basso (-0.0143 A)
E002_0400V_04.00A_G015_2023_06_13_Study002_Raw Data.mat,-0.0132,nominale troppo basso (-0.0132 A)
E002_0500V_05.00A_G002_2023_09_07_Study001_Raw Data.mat,-0.028,nominale troppo basso (-0.0280 A)
E002_0500V_05.00A_G002_2023_09_07_Study002_Raw Data.mat,-0.025,nominale troppo basso (-0.0250 A)
E003_0150V_01.50A_G004_2023_06_04_Study001_Raw Data.mat,-0.0162,nominale troppo basso (-0.0162 A)
E006_0450V_04.50A_G005_2023_06_22_Study001_Raw Data (1).mat,-0.0156,nominale troppo basso (-0.0156 A)
E006_0450V_04.50A_G005_2023_06_22_Study001_Raw Data.mat,-0.0156,nominale troppo basso (-0.0156 A)
E005_0150V_01.50A_G003_2023_06_13_Study003_Raw Data.mat,-0.0135,nominale troppo basso (-0.0135 A)
E005_0150V_01.50A_G003_2023_06_13_Study004_Raw Data.mat,-0.0127,nominale troppo basso (-0.0127 A)
E005_0200V_02.00A_G002_2023_06_13_Study002_Raw Data.mat,-0.0146,nominale troppo basso (-0.0146 A)
E005_0250V_02.50A_G001_2023_06_14_Study002_Raw Data.mat,-0.0067,nominale troppo basso (-0.0067 A)
E005_0450V_04.50A_G005_2023_06_15_Study001_Raw Data.mat,-0.0111,nominale troppo basso (-0.0111 A)
E006_0250V_02.50A_G008_2023_07_04_Study002_Raw Data.mat,-0.021,nominale troppo basso (-0.0210 A)
E006_0350V_03.50A_G014_2023_07_05_Study002_Raw Data.mat,-0.0196,nominale troppo basso (-0.0196 A)
E006_0450V_04.50A_G023_2023_07_05_Study002_Raw Data.mat,-0.0176,nominale troppo basso (-0.0176 A)
E007_0150V_01.50A_G001_2023_07_09_Study002_Raw Data.mat,-0.0158,nominale troppo basso (-0.0158 A)
E007_0150V_01.50A_G003_2023_07_09_Study002_Raw Data.mat,-0.0172,nominale troppo basso (-0.0172 A)
E007_0150V_01.50A_G005_2023_07_09_Study002_Raw Data.mat,-0.0185,nominale troppo basso (-0.0185 A)
E007_0250V_02.50A_G001_2023_07_10_Study002_Raw Data.mat,-0.0181,nominale troppo basso (-0.0181 A)
E007_0250V_02.50A_G003_2023_07_10_Study002_Raw Data.mat,-0.0158,nominale troppo basso (-0.0158 A)
E007_0250V_02.50A_G004_2023_07_10_Study002_Raw Data.mat,-0.0165,nominale troppo basso (-0.0165 A)
E007_0250V_02.50A_G005_2023_07_10_Study002_Raw Data.mat,-0.0165,nominale troppo basso (-0.0165 A)
E007_0300V_03.00A_G002_2023_07_18_Study001_Raw Data.mat,-0.0139,nominale troppo basso (-0.0139 A)
E007_0300V_03.00A_G003_2023_07_18_Study002_Raw Data.mat,-0.011,nominale troppo basso (-0.0110 A)
E007_0300V_03.00A_G006_2023_07_18_Study002_Raw Data.mat,-0.0132,nominale troppo basso (-0.0132 A)
E007_0300V_03.00A_G007_2023_07_18_Study002_Raw Data.mat,-0.0125,nominale troppo basso (-0.0125 A)
E007_0300V_03.00A_G008_2023_07_18_Study002_Raw Data.mat,-0.0131,nominale troppo basso (-0.0131 A)
E007_0300V_03.00A_G009_2023_07_18_Study002_Raw Data.mat,-0.0117,nominale troppo basso (-0.0117 A)
E007_0300V_03.00A_G010_2023_07_18_Study002_Raw Data.mat,-0.0103,nominale troppo basso (-0.0103 A)
E007_0300V_03.00A_G012_2023_07_18_Study002_Raw Data.mat,-0.0119,nominale troppo basso (-0.0119 A)
E007_0300V_03.00A_G013_2023_07_18_Study002_Raw Data.mat,-0.01,nominale troppo basso (-0.0100 A)
E007_0350V_03.50A_G001_2023_07_18_Study002_Raw Data.mat,-0.0129,nominale troppo basso (-0.0129 A)
E007_0350V_03.50A_G002_2023_07_18_Study002_Raw Data.mat,-0.0119,nominale troppo basso (-0.0119 A)
E007_0350V_03.50A_G003_2023_07_18_Study002_Raw Data.mat,-0.0122,nominale troppo basso (-0.0122 A)
E007_0350V_03.50A_G004_2023_07_18_Study002_Raw Data.mat,-0.0158,nominale troppo basso (-0.0158 A)
E007_0350V_03.50A_G006_2023_07_18_Study002_Raw Data.mat,-0.0135,nominale troppo basso (-0.0135 A)
E007_0350V_03.50A_G007_2023_07_18_Study002_Raw Data.mat,-0.012,nominale troppo basso (-0.0120 A)
E007_0350V_03.50A_G008_2023_07_18_Study002_Raw Data.mat,-0.0128,nominale troppo basso (-0.0128 A)
E007_0350V_03.50A_G009_2023_07_18_Study002_Raw Data.mat,-0.0126,nominale troppo basso (-0.0126 A)
E007_0350V_03.50A_G010_2023_07_18_Study001_Raw Data.mat,-0.0145,nominale troppo basso (-0.0145 A)
E007_0350V_03.50A_G011_2023_07_18_Study002_Raw Data.mat,-0.0139,nominale troppo basso (-0.0139 A)
E007_0350V_03.50A_G012_2023_07_18_Study002_Raw Data.mat,-0.0158,nominale troppo basso (-0.0158 A)
E007_0350V_03.50A_G013_2023_09_21_Study002_Raw Data.mat,-0.0228,nominale troppo basso (-0.0228 A)
E007_0350V_03.50A_G014_2023_09_21_Study002_Raw Data.mat,-0.0216,nominale troppo basso (-0.0216 A)
E007_0350V_03.50A_G015_2023_09_21_Study002_Raw Data.mat,-0.0211,nominale troppo basso (-0.0211 A)
E007_0350V_03.50A_G016_2023_09_21_Study002_Raw Data.mat,-0.0222,nominale troppo basso (-0.0222 A)
E007_0350V_03.50A_G017_2023_09_21_Study002_Raw Data.mat,-0.0217,nominale troppo basso (-0.0217 A)
E007_0350V_03.50A_G018_2023_09_21_Study002_Raw Data.mat,-0.024,nominale troppo basso (-0.0240 A)
E007_0400V_04.00A_G001_2023_09_21_Study002_Raw Data.mat,-0.0208,nominale troppo basso (-0.0208 A)
E007_0400V_04.00A_G002_2023_09_21_Study002_Raw Data.mat,-0.0222,nominale troppo basso (-0.0222 A)
E007_0400V_04.00A_G003_2023_09_21_Study002_Raw Data.mat,-0.0211,nominale troppo basso (-0.0211 A)
E007_0400V_04.00A_G004_2023_09_21_Study002_Raw Data.mat,-0.0229,nominale troppo basso (-0.0229 A)
E007_0400V_04.00A_G005_2023_09_21_Study002_Raw Data.mat,-0.0223,nominale troppo basso (-0.0223 A)
E007_0400V_04.00A_G006_2023_09_21_Study002_Raw Data.mat,-0.0213,nominale troppo basso (-0.0213 A)
E007_0400V_04.00A_G008_2023_09_21_Study002_Raw Data.mat,-0.0229,nominale troppo basso (-0.0229 A)
E007_0400V_04.00A_G009_2023_09_21_Study002_Raw Data.mat,-0.0215,nominale troppo basso (-0.0215 A)
E007_0400V_04.00A_G010_2023_09_21_Study002_Raw Data.mat,-0.022,nominale troppo basso (-0.0220 A)
E007_0400V_04.00A_G011_2023_09_21_Study002_Raw Data.mat,-0.0221,nominale troppo basso (-0.0221 A)
E007_0400V_04.00A_G012_2023_09_21_Study002_Raw Data.mat,-0.0257,nominale troppo basso (-0.0257 A)
E007_0400V_04.00A_G013_2023_09_21_Study002_Raw Data.mat,-0.0233,nominale troppo basso (-0.0233 A)
E007_0400V_04.00A_G014_2023_09_21_Study002_Raw Data.mat,-0.0241,nominale troppo basso (-0.0241 A)
E007_0400V_04.00A_G015_2023_09_21_Study002_Raw Data.mat,-0.0246,nominale troppo basso (-0.0246 A)
E007_0400V_04.00A_G016_2023_09_21_Study002_Raw Data.mat,-0.0256,nominale troppo basso (-0.0256 A)
E007_0400V_04.00A_G017_2023_09_21_Study002_Raw Data.mat,-0.0241,nominale troppo basso (-0.0241 A)
E007_0400V_04.00A_G019_2023_09_21_Study002_Raw Data.mat,-0.0255,nominale troppo basso (-0.0255 A)
E007_0400V_04.00A_G020_2023_09_21_Study002_Raw Data.mat,-0.0235,nominale troppo basso (-0.0235 A)
E007_0400V_04.00A_G021_2023_09_21_Study002_Raw Data.mat,-0.0248,nominale troppo basso (-0.0248 A)
E007_0450V_04.50A_G001_2023_09_21_Study002_Raw Data.mat,-0.0263,nominale troppo basso (-0.0263 A)
E007_0450V_04.50A_G002_2023_09_21_Study002_Raw Data.mat,-0.0248,nominale troppo basso (-0.0248 A)
E007_0450V_04.50A_G003_2023_09_21_Study002_Raw Data.mat,-0.0248,nominale troppo basso (-0.0248 A)
E007_0450V_04.50A_G004_2023_09_21_Study002_Raw Data.mat,-0.0225,nominale troppo basso (-0.0225 A)
E007_0450V_04.50A_G005_2023_09_21_Study002_Raw Data.mat,-0.025,nominale troppo basso (-0.0250 A)
E007_0450V_04.50A_G006_2023_09_21_Study002_Raw Data.mat,-0.0255,nominale troppo basso (-0.0255 A)
E007_0450V_04.50A_G008_2023_09_21_Study002_Raw Data.mat,-0.0255,nominale troppo basso (-0.0255 A)
E007_0450V_04.50A_G009_2023_09_21_Study002_Raw Data.mat,-0.025,nominale troppo basso (-0.0250 A)
E007_0450V_04.50A_G010_2023_09_21_Study002_Raw Data.mat,-0.0226,nominale troppo basso (-0.0226 A)
E007_0450V_04.50A_G011_2023_09_21_Study002_Raw Data.mat,-0.0227,nominale troppo basso (-0.0227 A)
E007_0450V_04.50A_G012_2023_09_21_Study002_Raw Data.mat,-0.0246,nominale troppo basso (-0.0246 A)
E007_0450V_04.50A_G013_2023_10_17_Study002_Raw Data.mat,-0.0211,nominale troppo basso (-0.0211 A)
E007_0450V_04.50A_G014_2023_10_17_Study002_Raw Data.mat,-0.0223,nominale troppo basso (-0.0223 A)
E007_0450V_04.50A_G015_2023_10_17_Study002_Raw Data.mat,-0.022,nominale troppo basso (-0.0220 A)
E007_0450V_04.50A_G016_2023_10_17_Study002_Raw Data.mat,-0.022,nominale troppo basso (-0.0220 A)
E007_0450V_04.50A_G017_2023_10_17_Study002_Raw Data.mat,-0.0199,nominale troppo basso (-0.0199 A)
E007_0450V_04.50A_G018_2023_10_17_Study002_Raw Data.mat,-0.0228,nominale troppo basso (-0.0228 A)
E007_0450V_04.50A_G019_2023_10_17_Study002_Raw Data.mat,-0.0209,nominale troppo basso (-0.0209 A)
E007_0450V_04.50A_G022_2023_10_17_Study002_Raw Data.mat,-0.0213,nominale troppo basso (-0.0213 A)
E007_0450V_04.50A_G023_2023_10_17_Study002_Raw Data.mat,-0.0207,nominale troppo basso (-0.0207 A)
E007_0450V_04.50A_G024_2023_10_17_Study002_Raw Data.mat,-0.0206,nominale troppo basso (-0.0206 A)
E007_0500V_05.00A_G001_2023_10_17_Study002_Raw Data.mat,-0.0213,nominale troppo basso (-0.0213 A)
E007_0500V_05.00A_G002_2023_10_17_Study002_Raw Data.mat,-0.023,nominale troppo basso (-0.0230 A)
E007_0500V_05.00A_G003_2023_10_17_Study002_Raw Data.mat,-0.0238,nominale troppo basso (-0.0238 A)
E007_0500V_05.00A_G005_2023_10_17_Study002_Raw Data.mat,-0.0217,nominale troppo basso (-0.0217 A)
E007_0500V_05.00A_G006_2023_10_17_Study002_Raw Data.mat,-0.0212,nominale troppo basso (-0.0212 A)
E007_0500V_05.00A_G009_2023_10_17_Study002_Raw Data.mat,-0.0182,nominale troppo basso (-0.0182 A)
E007_0500V_05.00A_G011_2023_10_17_Study002_Raw Data.mat,-0.0197,nominale troppo basso (-0.0197 A)
E007_0500V_05.00A_G012_2023_10_17_Study002_Raw Data.mat,-0.0213,nominale troppo basso (-0.0213 A)
E007_0500V_05.00A_G013_2023_10_18_Study002_Raw Data.mat,-0.03,nominale troppo basso (-0.0300 A)
E007_0500V_05.00A_G014_2023_10_18_Study002_Raw Data.mat,-0.0302,nominale troppo basso (-0.0302 A)
E007_0500V_05.00A_G015_2023_10_18_Study002_Raw Data.mat,-0.0311,nominale troppo basso (-0.0311 A)
E007_0500V_05.00A_G016_2023_10_18_Study002_Raw Data.mat,-0.0333,nominale troppo basso (-0.0333 A)
E007_0500V_05.00A_G018_2023_10_18_Study002_Raw Data.mat,-0.0298,nominale troppo basso (-0.0298 A)
E007_0500V_05.00A_G019_2023_10_18_Study002_Raw Data.mat,-0.0301,nominale troppo basso (-0.0301 A)
E007_0500V_05.00A_G021_2023_10_18_Study002_Raw Data.mat,-0.0295,nominale troppo basso (-0.0295 A)
E007_0500V_05.00A_G022_2023_10_18_Study002_Raw Data.mat,-0.0279,nominale troppo basso (-0.0279 A)
E007_0500V_05.00A_G023_2023_10_18_Study002_Raw Data.mat,-0.0295,nominale troppo basso (-0.0295 A)
E007_0500V_05.00A_G024_2023_10_18_Study002_Raw Data.mat,-0.0292,nominale troppo basso (-0.0292 A)
E007_0500V_05.00A_G026_2023_10_18_Study002_Raw Data.mat,-0.0293,nominale troppo basso (-0.0293 A)
E007_0500V_05.00A_G027_2023_10_18_Study002_Raw Data.mat,-0.0267,nominale troppo basso (-0.0267 A)
E008_0150V_01.50A_G003_2023_07_06_Study002_Raw Data.mat,-0.0158,nominale troppo basso (-0.0158 A)
E008_0150V_01.50A_G008_2023_07_09_Study002_Raw Data.mat,-0.0175,nominale troppo basso (-0.0175 A)
E008_0200V_02.00A_G002_2023_07_09_Study002_Raw Data.mat,-0.0169,nominale troppo basso (-0.0169 A)
E008_0200V_02.00A_G004_2023_07_09_Study002_Raw Data.mat,-0.0187,nominale troppo basso (-0.0187 A)
E008_0200V_02.00A_G005_2023_07_09_Study002_Raw Data.mat,-0.0178,nominale troppo basso (-0.0178 A)
E008_0200V_02.00A_G007_2023_07_09_Study002_Raw Data.mat,-0.0172,nominale troppo basso (-0.0172 A)
E008_0250V_02.50A_G001_2023_07_09_Study002_Raw Data.mat,-0.0178,nominale troppo basso (-0.0178 A)
E008_0250V_02.50A_G007_2023_07_09_Study002_Raw Data.mat,-0.0176,nominale troppo basso (-0.0176 A)
E008_0300V_03.00A_G001_2023_07_09_Study002_Raw Data.mat,-0.0158,nominale troppo basso (-0.0158 A)
E008_0300V_03.00A_G004_2023_07_09_Study002_Raw Data.mat,-0.0158,nominale troppo basso (-0.0158 A)
E008_0300V_03.00A_G006_2023_07_09_Study002_Raw Data.mat,-0.0162,nominale troppo basso (-0.0162 A)
E008_0300V_03.00A_G007_2023_07_09_Study002_Raw Data.mat,-0.0147,nominale troppo basso (-0.0147 A)
E008_0300V_03.00A_G009_2023_07_09_Study002_Raw Data.mat,-0.0163,nominale troppo basso (-0.0163 A)
E008_0300V_03.00A_G014_2023_09_07_Study002_Raw Data.mat,-0.0298,nominale troppo basso (-0.0298 A)
E008_0350V_03.50A_G001_2023_09_07_Study002_Raw Data.mat,-0.0307,nominale troppo basso (-0.0307 A)
E008_0350V_03.50A_G007_2023_09_07_Study002_Raw Data.mat,-0.0329,nominale troppo basso (-0.0329 A)
E008_0350V_03.50A_G008_2023_09_07_Study002_Raw Data.mat,-0.0327,nominale troppo basso (-0.0327 A)
E008_0350V_03.50A_G009_2023_09_07_Study002_Raw Data.mat,-0.0328,nominale troppo basso (-0.0328 A)
E008_0350V_03.50A_G010_2023_09_07_Study002_Raw Data.mat,-0.0326,nominale troppo basso (-0.0326 A)
E008_0350V_03.50A_G011_2023_09_07_Study002_Raw Data.mat,-0.0323,nominale troppo basso (-0.0323 A)
E008_0350V_03.50A_G014_2023_09_07_Study002_Raw Data.mat,-0.032,nominale troppo basso (-0.0320 A)
E008_0350V_03.50A_G015_2023_09_07_Study002_Raw Data.mat,-0.0323,nominale troppo basso (-0.0323 A)
E008_0350V_03.50A_G017_2023_09_07_Study002_Raw Data.mat,-0.0325,nominale troppo basso (-0.0325 A)
E008_0400V_04.00A_G001_2023_09_07_Study002_Raw Data.mat,-0.0322,nominale troppo basso (-0.0322 A)
E008_0400V_04.00A_G002_2023_09_07_Study002_Raw Data.mat,-0.0306,nominale troppo basso (-0.0306 A)
E008_0400V_04.00A_G003_2023_09_07_Study002_Raw Data.mat,-0.0341,nominale troppo basso (-0.0341 A)
E008_0400V_04.00A_G006_2023_09_07_Study002_Raw Data.mat,-0.0315,nominale troppo basso (-0.0315 A)
E008_0400V_04.00A_G007_2023_09_07_Study002_Raw Data.mat,-0.0335,nominale troppo basso (-0.0335 A)
E008_0400V_04.00A_G008_2023_09_07_Study002_Raw Data.mat,-0.0335,nominale troppo basso (-0.0335 A)
E008_0400V_04.00A_G012_2023_09_07_Study002_Raw Data.mat,-0.0326,nominale troppo basso (-0.0326 A)
E008_0400V_04.00A_G013_2023_09_10_Study002_Raw Data.mat,-0.0263,nominale troppo basso (-0.0263 A)
E008_0400V_04.00A_G015_2023_09_10_Study002_Raw Data.mat,-0.0279,nominale troppo basso (-0.0279 A)
E008_0400V_04.00A_G017_2023_09_10_Study002_Raw Data.mat,-0.0278,nominale troppo basso (-0.0278 A)
E008_0400V_04.00A_G018_2023_09_10_Study002_Raw Data.mat,-0.025,nominale troppo basso (-0.0250 A)
E008_0400V_04.00A_G019_2023_09_10_Study002_Raw Data.mat,-0.0297,nominale troppo basso (-0.0297 A)
E008_0400V_04.00A_G020_2023_09_10_Study002_Raw Data.mat,-0.0298,nominale troppo basso (-0.0298 A)
E008_0400V_04.00A_G021_2023_09_10_Study002_Raw Data.mat,-0.0265,nominale troppo basso (-0.0265 A)
E008_0450V_04.50A_G001_2023_09_10_Study002_Raw Data.mat,-0.0279,nominale troppo basso (-0.0279 A)
E008_0450V_04.50A_G003_2023_09_10_Study002_Raw Data.mat,-0.0268,nominale troppo basso (-0.0268 A)
E008_0450V_04.50A_G004_2023_09_10_Study002_Raw Data.mat,-0.0266,nominale troppo basso (-0.0266 A)
E008_0450V_04.50A_G010_2023_09_10_Study002_Raw Data.mat,-0.0293,nominale troppo basso (-0.0293 A)
E008_0450V_04.50A_G016_2023_09_10_Study002_Raw Data.mat,-0.0292,nominale troppo basso (-0.0292 A)
E008_0450V_04.50A_G019_2023_09_10_Study002_Raw Data.mat,-0.0294,nominale troppo basso (-0.0294 A)
E008_0450V_04.50A_G020_2023_09_10_Study002_Raw Data.mat,-0.031,nominale troppo basso (-0.0310 A)
E008_0450V_04.50A_G021_2023_09_10_Study002_Raw Data.mat,-0.0298,nominale troppo basso (-0.0298 A)
E008_0450V_04.50A_G022_2023_09_10_Study002_Raw Data.mat,-0.0286,nominale troppo basso (-0.0286 A)
E008_0500V_05.00A_G001_2023_09_10_Study002_Raw Data.mat,-0.0293,nominale troppo basso (-0.0293 A)
E008_0500V_05.00A_G004_2023_09_10_Study002_Raw Data.mat,-0.0282,nominale troppo basso (-0.0282 A)
E008_0500V_05.00A_G005_2023_09_10_Study002_Raw Data.mat,-0.0322,nominale troppo basso (-0.0322 A)
E008_0500V_05.00A_G006_2023_09_10_Study002_Raw Data.mat,-0.0304,nominale troppo basso (-0.0304 A)
E008_0500V_05.00A_G007_2023_09_10_Study002_Raw Data.mat,-0.0283,nominale troppo basso (-0.0283 A)
E008_0500V_05.00A_G008_2023_09_10_Study002_Raw Data.mat,-0.0282,nominale troppo basso (-0.0282 A)
E008_0500V_05.00A_G009_2023_09_10_Study002_Raw Data.mat,-0.0293,nominale troppo basso (-0.0293 A)
E008_0500V_05.00A_G010_2023_09_10_Study002_Raw Data.mat,-0.0305,nominale troppo basso (-0.0305 A)
E008_0500V_05.00A_G011_2023_09_10_Study002_Raw Data.mat,-0.0293,nominale troppo basso (-0.0293 A)
E008_0500V_05.00A_G015_2023_09_10_Study002_Raw Data.mat,-0.0308,nominale troppo basso (-0.0308 A)
E008_0500V_05.00A_G017_2023_09_10_Study002_Raw Data.mat,-0.0312,nominale troppo basso (-0.0312 A)
E008_0500V_05.00A_G018_2023_09_10_Study002_Raw Data.mat,-0.0302,nominale troppo basso (-0.0302 A)
E008_0500V_05.00A_G022_2023_09_10_Study002_Raw Data.mat,-0.0298,nominale troppo basso (-0.0298 A)
E008_0500V_05.00A_G023_2023_09_10_Study002_Raw Data.mat,-0.0307,nominale troppo basso (-0.0307 A)
E008_0500V_05.00A_G024_2023_09_10_Study002_Raw Data.mat,-0.0303,nominale troppo basso (-0.0303 A)
